Date,Balanced_PF
2019-01-02 00:00:00-05:00,20000.0
2019-01-03 00:00:00-05:00,19115.12688438059
2019-01-04 00:00:00-05:00,19903.55054024786
2019-01-07 00:00:00-05:00,20044.56822933347
2019-01-08 00:00:00-05:00,20277.634928860356
2019-01-09 00:00:00-05:00,20397.929240672645
2019-01-10 00:00:00-05:00,20420.338403412166
2019-01-11 00:00:00-05:00,20433.406632858692
2019-01-14 00:00:00-05:00,20250.813448075132
2019-01-15 00:00:00-05:00,20485.709852718523
2019-01-16 00:00:00-05:00,20490.101460766316
2019-01-17 00:00:00-05:00,20602.219134196195
2019-01-18 00:00:00-05:00,20819.47063667318
2019-01-22 00:00:00-05:00,20561.12454452568
2019-01-23 00:00:00-05:00,20817.909780168204
2019-01-24 00:00:00-05:00,20780.962467792924
2019-01-25 00:00:00-05:00,21017.80080926679
2019-01-28 00:00:00-05:00,20903.559820341274
2019-01-29 00:00:00-05:00,20775.517774021566
2019-01-30 00:00:00-05:00,21559.614777954495
2019-01-31 00:00:00-05:00,21611.73084180496
2019-02-01 00:00:00-05:00,21513.407360527588
2019-02-04 00:00:00-05:00,21821.61579348216
2019-02-05 00:00:00-05:00,21927.97925397801
2019-02-06 00:00:00-05:00,21854.879476604376
2019-02-07 00:00:00-05:00,21588.85938134914
2019-02-08 00:00:00-05:00,21621.142568390926
2019-02-11 00:00:00-05:00,21579.888277638795
2019-02-12 00:00:00-05:00,21724.588973629077
2019-02-13 00:00:00-05:00,21802.588254104292
2019-02-14 00:00:00-05:00,21778.994592763884
2019-02-15 00:00:00-05:00,21923.9502191617
2019-02-19 00:00:00-05:00,22092.267272083584
2019-02-20 00:00:00-05:00,22133.010735365784
2019-02-21 00:00:00-05:00,22248.318045323424
2019-02-22 00:00:00-05:00,22413.238952708853
2019-02-25 00:00:00-05:00,22363.817809988795
2019-02-26 00:00:00-05:00,22368.319230875488
2019-02-27 00:00:00-05:00,22258.35767283836
2019-02-28 00:00:00-05:00,22196.161545914918
2019-03-01 00:00:00-05:00,22322.910657276
2019-03-04 00:00:00-05:00,22310.0857595676
2019-03-05 00:00:00-05:00,22348.067782583807
2019-03-06 00:00:00-05:00,22281.84137548169
2019-03-07 00:00:00-05:00,22072.0301574654
2019-03-08 00:00:00-05:00,22107.853149395305
2019-03-11 00:00:00-04:00,22452.559672301257
2019-03-12 00:00:00-04:00,22530.824114164352
2019-03-13 00:00:00-04:00,22646.697932214058
2019-03-14 00:00:00-04:00,22694.59115111473
2019-03-15 00:00:00-04:00,22904.950234434953
2019-03-18 00:00:00-04:00,22956.693183489297
2019-03-19 00:00:00-04:00,22789.282095820825
2019-03-20 00:00:00-04:00,22758.014102546356
2019-03-21 00:00:00-04:00,23099.573494942488
2019-03-22 00:00:00-04:00,22728.323484661425
2019-03-25 00:00:00-04:00,22646.45663488894
2019-03-26 00:00:00-04:00,22682.67261669195
2019-03-27 00:00:00-04:00,22592.73228287908
2019-03-28 00:00:00-04:00,22710.01185438513
2019-03-29 00:00:00-04:00,22904.539187090548
2019-04-01 00:00:00-04:00,23057.21027225646
2019-04-02 00:00:00-04:00,23146.093352725748
2019-04-03 00:00:00-04:00,23244.04238935639
2019-04-04 00:00:00-04:00,23267.562343159218
2019-04-05 00:00:00-04:00,23398.437573412455
2019-04-08 00:00:00-04:00,23583.03397098162
2019-04-09 00:00:00-04:00,23470.45212332459
2019-04-10 00:00:00-04:00,23594.627674781867
2019-04-11 00:00:00-04:00,23641.55058166485
2019-04-12 00:00:00-04:00,24295.352932496706
2019-04-15 00:00:00-04:00,24432.151416208384
2019-04-16 00:00:00-04:00,24441.34870116171
2019-04-17 00:00:00-04:00,24619.71463169438
2019-04-18 00:00:00-04:00,24643.86167206335
2019-04-22 00:00:00-04:00,24622.48787960361
2019-04-23 00:00:00-04:00,24784.34306899632
2019-04-24 00:00:00-04:00,24806.24443945589
2019-04-25 00:00:00-04:00,24952.753941029663
2019-04-26 00:00:00-04:00,25186.8125559232
2019-04-29 00:00:00-04:00,25165.21958240966
2019-04-30 00:00:00-04:00,25032.918978716058
2019-05-01 00:00:00-04:00,25417.690521599172
2019-05-02 00:00:00-04:00,25128.16204474014
2019-05-03 00:00:00-04:00,25541.930116927124
2019-05-06 00:00:00-04:00,25364.98665244227
2019-05-07 00:00:00-04:00,24938.929562134494
2019-05-08 00:00:00-04:00,25014.549961793316
2019-05-09 00:00:00-04:00,24870.801190719565
2019-05-10 00:00:00-04:00,24908.221572366252
2019-05-13 00:00:00-04:00,24198.770043112745
2019-05-14 00:00:00-04:00,24443.79377236592
2019-05-15 00:00:00-04:00,24682.35408692019
2019-05-16 00:00:00-04:00,24949.9844147318
2019-05-17 00:00:00-04:00,24807.311049938726
2019-05-20 00:00:00-04:00,24462.98385151955
2019-05-21 00:00:00-04:00,24608.644932134026
2019-05-22 00:00:00-04:00,24559.667918354477
2019-05-23 00:00:00-04:00,24359.03336858573
2019-05-24 00:00:00-04:00,24312.4462174111
2019-05-28 00:00:00-04:00,24160.655384051337
2019-05-29 00:00:00-04:00,23987.088105189992
2019-05-30 00:00:00-04:00,24162.81811684295
2019-05-31 00:00:00-04:00,23836.120402410623
2019-06-03 00:00:00-04:00,23678.284207375124
2019-06-04 00:00:00-04:00,24131.483725879614
2019-06-05 00:00:00-04:00,24318.489846068056
2019-06-06 00:00:00-04:00,24548.838276875602
2019-06-07 00:00:00-04:00,25006.189849933755
2019-06-10 00:00:00-04:00,25180.478616494212
2019-06-11 00:00:00-04:00,25149.792576744156
2019-06-12 00:00:00-04:00,25204.826630483658
2019-06-13 00:00:00-04:00,25438.09669108995
2019-06-14 00:00:00-04:00,25485.565035034888
2019-06-17 00:00:00-04:00,25417.12408687228
2019-06-18 00:00:00-04:00,25517.72331929586
2019-06-19 00:00:00-04:00,25623.015319590995
2019-06-20 00:00:00-04:00,25651.14122925026
2019-06-21 00:00:00-04:00,25383.453176252766
2019-06-24 00:00:00-04:00,25517.35566965101
2019-06-25 00:00:00-04:00,25222.47781602209
2019-06-26 00:00:00-04:00,25299.908005263307
2019-06-27 00:00:00-04:00,25378.659372196344
2019-06-28 00:00:00-04:00,25414.485745188333
2019-07-01 00:00:00-04:00,25556.961788036806
2019-07-02 00:00:00-04:00,25739.459727030386
2019-07-03 00:00:00-04:00,25846.155797812706
2019-07-05 00:00:00-04:00,25749.99546992022
2019-07-08 00:00:00-04:00,25480.4623263032
2019-07-09 00:00:00-04:00,25435.038430308516
2019-07-10 00:00:00-04:00,25615.164716014486
2019-07-11 00:00:00-04:00,25628.8891789411
2019-07-12 00:00:00-04:00,25753.53101476154
2019-07-15 00:00:00-04:00,25942.896857286807
2019-07-16 00:00:00-04:00,25912.714876513062
2019-07-17 00:00:00-04:00,25673.91999860367
2019-07-18 00:00:00-04:00,25683.73152631585
2019-07-19 00:00:00-04:00,25493.139891321087
2019-07-22 00:00:00-04:00,25794.338289543255
2019-07-23 00:00:00-04:00,25907.50007635644
2019-07-24 00:00:00-04:00,25971.95360342598
2019-07-25 00:00:00-04:00,25892.0291806838
2019-07-26 00:00:00-04:00,26135.27421727805
2019-07-29 00:00:00-04:00,26361.025311718015
2019-07-30 00:00:00-04:00,26470.98647376784
2019-07-31 00:00:00-04:00,26254.557416981792
2019-08-01 00:00:00-04:00,26011.952372548592
2019-08-02 00:00:00-04:00,25697.540146509713
2019-08-05 00:00:00-04:00,24835.642847416537
2019-08-06 00:00:00-04:00,25187.49573902093
2019-08-07 00:00:00-04:00,25072.5441086077
2019-08-08 00:00:00-04:00,25624.52887525301
2019-08-09 00:00:00-04:00,25508.118370344888
2019-08-12 00:00:00-04:00,25201.905786241572
2019-08-13 00:00:00-04:00,25704.320315624813
2019-08-14 00:00:00-04:00,24959.1570824619
2019-08-15 00:00:00-04:00,25000.33539333864
2019-08-16 00:00:00-04:00,25420.82056541313
2019-08-19 00:00:00-04:00,25768.26530650153
2019-08-20 00:00:00-04:00,25651.23882151435
2019-08-21 00:00:00-04:00,25809.243335769024
2019-08-22 00:00:00-04:00,25759.406842862452
2019-08-23 00:00:00-04:00,24888.94944623485
2019-08-26 00:00:00-04:00,25266.516621655017
2019-08-27 00:00:00-04:00,25239.22777860939
2019-08-28 00:00:00-04:00,25439.63467258003
2019-08-29 00:00:00-04:00,25677.3238454264
2019-08-30 00:00:00-04:00,25633.29488480927
2019-09-03 00:00:00-04:00,25438.882896449562
2019-09-04 00:00:00-04:00,25811.342866796185
2019-09-05 00:00:00-04:00,26118.975990883715
2019-09-06 00:00:00-04:00,26172.440738887246
2019-09-09 00:00:00-04:00,26165.670118885286
2019-09-10 00:00:00-04:00,26088.058334429363
2019-09-11 00:00:00-04:00,26346.57748587297
2019-09-12 00:00:00-04:00,26482.1314224039
2019-09-13 00:00:00-04:00,26417.550407720715
2019-09-16 00:00:00-04:00,26182.083807978517
2019-09-17 00:00:00-04:00,26333.57561416794
2019-09-18 00:00:00-04:00,26415.611402976458
2019-09-19 00:00:00-04:00,26374.313763028174
2019-09-20 00:00:00-04:00,26170.983751954365
2019-09-23 00:00:00-04:00,26146.490152959086
2019-09-24 00:00:00-04:00,26010.86161828704
2019-09-25 00:00:00-04:00,26233.401984831093
2019-09-26 00:00:00-04:00,26088.15006552588
2019-09-27 00:00:00-04:00,25955.73266943819
2019-09-30 00:00:00-04:00,26198.71363951273
2019-10-01 00:00:00-04:00,25930.67993832982
2019-10-02 00:00:00-04:00,25482.06388774825
2019-10-03 00:00:00-04:00,25636.686680705778
2019-10-04 00:00:00-04:00,26012.18869896778
2019-10-07 00:00:00-04:00,25915.21530680172
2019-10-08 00:00:00-04:00,25548.344307736472
2019-10-09 00:00:00-04:00,25832.763128155355
2019-10-10 00:00:00-04:00,26016.271909497453
2019-10-11 00:00:00-04:00,26348.427519542463
2019-10-14 00:00:00-04:00,26292.38728442638
2019-10-15 00:00:00-04:00,26297.067898751633
2019-10-16 00:00:00-04:00,26233.373257600782
2019-10-17 00:00:00-04:00,26311.313068023323
2019-10-18 00:00:00-04:00,26316.841746803555
2019-10-21 00:00:00-04:00,26549.095129351783
2019-10-22 00:00:00-04:00,26518.777005126045
2019-10-23 00:00:00-04:00,26679.077374859266
2019-10-24 00:00:00-04:00,26822.524680557486
2019-10-25 00:00:00-04:00,26979.040652819636
2019-10-28 00:00:00-04:00,27212.05942685822
2019-10-29 00:00:00-04:00,27021.215946647895
2019-10-30 00:00:00-04:00,26996.031793103553
2019-10-31 00:00:00-04:00,27055.264096268867
2019-11-01 00:00:00-04:00,27423.85322547626
2019-11-04 00:00:00-05:00,27377.650157443662
2019-11-05 00:00:00-05:00,27312.19671882936
2019-11-06 00:00:00-05:00,27325.924190434616
2019-11-07 00:00:00-05:00,27532.99922304634
2019-11-08 00:00:00-05:00,27788.371387195184
2019-11-11 00:00:00-05:00,27761.0182685791
2019-11-12 00:00:00-05:00,27854.761769113877
2019-11-13 00:00:00-05:00,28404.75674853292
2019-11-14 00:00:00-05:00,28341.717851537214
2019-11-15 00:00:00-05:00,28518.97561099194
2019-11-18 00:00:00-05:00,28760.3690706496
2019-11-19 00:00:00-05:00,28766.500847663166
2019-11-20 00:00:00-05:00,28584.49449288396
2019-11-21 00:00:00-05:00,28529.999494822812
2019-11-22 00:00:00-05:00,28595.921888444966
2019-11-25 00:00:00-05:00,28853.467520923554
2019-11-26 00:00:00-05:00,28996.305391885806
2019-11-27 00:00:00-05:00,29135.78940340838
2019-11-29 00:00:00-05:00,29046.75606216373
2019-12-02 00:00:00-05:00,28851.879020911958
2019-12-03 00:00:00-05:00,28643.667282720813
2019-12-04 00:00:00-05:00,28836.411078582754
2019-12-05 00:00:00-05:00,28948.88356269023
2019-12-06 00:00:00-05:00,29187.171501464913
2019-12-09 00:00:00-05:00,29040.739648689265
2019-12-10 00:00:00-05:00,29030.934345658803
2019-12-11 00:00:00-05:00,29257.385518465693
2019-12-12 00:00:00-05:00,29408.75603162663
2019-12-13 00:00:00-05:00,29604.46555459513
2019-12-16 00:00:00-05:00,29870.375831338766
2019-12-17 00:00:00-05:00,29847.82871927877
2019-12-18 00:00:00-05:00,29727.07257219853
2019-12-19 00:00:00-05:00,29826.648809668844
2019-12-20 00:00:00-05:00,30104.277392214804
2019-12-23 00:00:00-05:00,30216.316437018406
2019-12-24 00:00:00-05:00,30240.691526215305
2019-12-26 00:00:00-05:00,30503.44087692902
2019-12-27 00:00:00-05:00,30518.090601497424
2019-12-30 00:00:00-05:00,30361.600209537286
2019-12-31 00:00:00-05:00,30478.810559908023
2020-01-02 00:00:00-05:00,30881.596092458254
2020-01-03 00:00:00-05:00,30577.046296183453
2020-01-06 00:00:00-05:00,30552.527860257494
2020-01-07 00:00:00-05:00,30375.794580200123
2020-01-08 00:00:00-05:00,30686.870881787418
2020-01-09 00:00:00-05:00,31043.193152993852
2020-01-10 00:00:00-05:00,30998.081053606587
2020-01-13 00:00:00-05:00,31256.562293925563
2020-01-14 00:00:00-05:00,31134.136757298642
2020-01-15 00:00:00-05:00,31152.520003547652
2020-01-16 00:00:00-05:00,31467.450951439343
2020-01-17 00:00:00-05:00,31622.399757419058
2020-01-21 00:00:00-05:00,31274.606270053337
2020-01-22 00:00:00-05:00,31275.11651786545
2020-01-23 00:00:00-05:00,31281.41878041177
2020-01-24 00:00:00-05:00,30989.218516139543
2020-01-27 00:00:00-05:00,30104.897874607166
2020-01-28 00:00:00-05:00,30712.02161165925
2020-01-29 00:00:00-05:00,30907.496427119717
2020-01-30 00:00:00-05:00,31109.705047642827
2020-01-31 00:00:00-05:00,30486.604352130114
2020-02-03 00:00:00-05:00,30738.97022921425
2020-02-04 00:00:00-05:00,31447.98519606225
2020-02-05 00:00:00-05:00,31444.17703730247
2020-02-06 00:00:00-05:00,31688.28142959294
2020-02-07 00:00:00-05:00,31259.94087800125
2020-02-10 00:00:00-05:00,31477.04152864604
2020-02-11 00:00:00-05:00,31247.116529432424
2020-02-12 00:00:00-05:00,31627.425275829584
2020-02-13 00:00:00-05:00,31409.016105674065
2020-02-14 00:00:00-05:00,31460.571088801167
2020-02-18 00:00:00-05:00,31236.909660550067
2020-02-19 00:00:00-05:00,31467.830576000117
2020-02-20 00:00:00-05:00,31233.53217029655
2020-02-21 00:00:00-05:00,30610.73438338273
2020-02-24 00:00:00-05:00,29143.735161322693
2020-02-25 00:00:00-05:00,28210.097201251825
2020-02-26 00:00:00-05:00,27873.079898834585
2020-02-27 00:00:00-05:00,26174.06677199902
2020-02-28 00:00:00-05:00,26440.351768721266
2020-03-02 00:00:00-05:00,27909.877013744757
2020-03-03 00:00:00-05:00,27038.506195919526
2020-03-04 00:00:00-05:00,28064.844053077875
2020-03-05 00:00:00-05:00,26774.220540614548
2020-03-06 00:00:00-05:00,26501.478928519547
2020-03-09 00:00:00-04:00,24103.23197713202
2020-03-10 00:00:00-04:00,25623.48981017559
2020-03-11 00:00:00-04:00,24138.40141720647
2020-03-12 00:00:00-04:00,21303.01198428072
2020-03-13 00:00:00-04:00,23904.65874376731
2020-03-16 00:00:00-04:00,21408.122364095223
2020-03-17 00:00:00-04:00,22421.283652336748
2020-03-18 00:00:00-04:00,21576.16773348485
2020-03-19 00:00:00-04:00,21551.568184806427
2020-03-20 00:00:00-04:00,20281.37837714186
2020-03-23 00:00:00-04:00,20063.648077902457
2020-03-24 00:00:00-04:00,22118.862772208486
2020-03-25 00:00:00-04:00,22353.334551463788
2020-03-26 00:00:00-04:00,23444.79436179849
2020-03-27 00:00:00-04:00,22445.84620407892
2020-03-30 00:00:00-04:00,23196.842306135022
2020-03-31 00:00:00-04:00,22838.125576768874
2020-04-01 00:00:00-04:00,21904.119929465523
2020-04-02 00:00:00-04:00,22400.232856285817
2020-04-03 00:00:00-04:00,22149.75904755244
2020-04-06 00:00:00-04:00,23709.519773085118
2020-04-07 00:00:00-04:00,23559.61858125149
2020-04-08 00:00:00-04:00,24065.828081361182
2020-04-09 00:00:00-04:00,24335.846817732774
2020-04-13 00:00:00-04:00,24217.551465053668
2020-04-14 00:00:00-04:00,25413.187608039494
2020-04-15 00:00:00-04:00,25148.945074873052
2020-04-16 00:00:00-04:00,25251.654565047982
2020-04-17 00:00:00-04:00,25673.182209546936
2020-04-20 00:00:00-04:00,24972.401953444074
2020-04-21 00:00:00-04:00,24288.724177979642
2020-04-22 00:00:00-04:00,24703.61195367699
2020-04-23 00:00:00-04:00,24749.493030775986
2020-04-24 00:00:00-04:00,25008.06163575213
2020-04-27 00:00:00-04:00,25273.841727940522
2020-04-28 00:00:00-04:00,25054.67827093435
2020-04-29 00:00:00-04:00,26104.248883226708
2020-04-30 00:00:00-04:00,26161.40642398707
2020-05-01 00:00:00-04:00,25452.31827643133
2020-05-04 00:00:00-04:00,25620.89308633188
2020-05-05 00:00:00-04:00,25567.17636462815
2020-05-06 00:00:00-04:00,25532.3319281495
2020-05-07 00:00:00-04:00,25868.276988663336
2020-05-08 00:00:00-04:00,26483.935690884522
2020-05-11 00:00:00-04:00,26533.775646694743
2020-05-12 00:00:00-04:00,26043.286744331166
2020-05-13 00:00:00-04:00,25668.71167831897
2020-05-14 00:00:00-04:00,25881.275436101554
2020-05-15 00:00:00-04:00,26190.407646555213
2020-05-18 00:00:00-04:00,27075.65182496717
2020-05-19 00:00:00-04:00,26647.320272810455
2020-05-20 00:00:00-04:00,27091.626228148078
2020-05-21 00:00:00-04:00,26897.661537492673
2020-05-22 00:00:00-04:00,26996.4853303675
2020-05-26 00:00:00-04:00,27217.06985836361
2020-05-27 00:00:00-04:00,27569.108468899092
2020-05-28 00:00:00-04:00,27367.906148200855
2020-05-29 00:00:00-04:00,27455.81537848525
2020-06-01 00:00:00-04:00,27814.83346232849
2020-06-02 00:00:00-04:00,27988.747151533666
2020-06-03 00:00:00-04:00,28291.139909060315
2020-06-04 00:00:00-04:00,28045.47452846635
2020-06-05 00:00:00-04:00,29098.986980621907
2020-06-08 00:00:00-04:00,29561.21888541044
2020-06-09 00:00:00-04:00,29512.48604512206
2020-06-10 00:00:00-04:00,29734.79407265803
2020-06-11 00:00:00-04:00,27995.96166810237
2020-06-12 00:00:00-04:00,28489.36085860144
2020-06-15 00:00:00-04:00,28739.14363794982
2020-06-16 00:00:00-04:00,29347.862349511222
2020-06-17 00:00:00-04:00,29134.492328634562
2020-06-18 00:00:00-04:00,29366.30340353304
2020-06-19 00:00:00-04:00,28928.584626006137
2020-06-22 00:00:00-04:00,29244.364410188675
2020-06-23 00:00:00-04:00,29626.231116071765
2020-06-24 00:00:00-04:00,28807.90876405026
2020-06-25 00:00:00-04:00,29087.416994025618
2020-06-26 00:00:00-04:00,28338.670507194358
2020-06-29 00:00:00-04:00,28999.937287575078
2020-06-30 00:00:00-04:00,29369.389002962314
2020-07-01 00:00:00-04:00,29496.472664019144
2020-07-02 00:00:00-04:00,29513.76607633265
2020-07-06 00:00:00-04:00,30084.08170129567
2020-07-07 00:00:00-04:00,29848.246661514033
2020-07-08 00:00:00-04:00,30506.840207413403
2020-07-09 00:00:00-04:00,30471.31445059702
2020-07-10 00:00:00-04:00,30817.62346342112
2020-07-13 00:00:00-04:00,30302.433637102593
2020-07-14 00:00:00-04:00,30596.661261776648
2020-07-15 00:00:00-04:00,31141.78114523448
2020-07-16 00:00:00-04:00,30621.274928277908
2020-07-17 00:00:00-04:00,30535.978343246803
2020-07-20 00:00:00-04:00,31016.692669158754
2020-07-21 00:00:00-04:00,30801.36102701433
2020-07-22 00:00:00-04:00,30957.506601297973
2020-07-23 00:00:00-04:00,30089.200019307176
2020-07-24 00:00:00-04:00,30003.33478887356
2020-07-27 00:00:00-04:00,30236.580785638893
2020-07-28 00:00:00-04:00,30133.30804421951
2020-07-29 00:00:00-04:00,30406.169963100318
2020-07-30 00:00:00-04:00,30633.580937614603
2020-07-31 00:00:00-04:00,31685.70408819505
2020-08-03 00:00:00-04:00,32357.839959447672
2020-08-04 00:00:00-04:00,32525.238702109786
2020-08-05 00:00:00-04:00,32936.51500537529
2020-08-06 00:00:00-04:00,33623.30067621039
2020-08-07 00:00:00-04:00,33247.26046470114
2020-08-10 00:00:00-04:00,33447.254020946246
2020-08-11 00:00:00-04:00,32984.34721660448
2020-08-12 00:00:00-04:00,33683.27598200828
2020-08-13 00:00:00-04:00,33909.91900990212
2020-08-14 00:00:00-04:00,33944.86558858649
2020-08-17 00:00:00-04:00,33935.87480978876
2020-08-18 00:00:00-04:00,34117.91254547586
2020-08-19 00:00:00-04:00,34033.648529177044
2020-08-20 00:00:00-04:00,34578.17987511698
2020-08-21 00:00:00-04:00,35148.016000328425
2020-08-24 00:00:00-04:00,35621.82785484827
2020-08-25 00:00:00-04:00,35603.9631912346
2020-08-26 00:00:00-04:00,35975.05684635217
2020-08-27 00:00:00-04:00,36246.68302647968
2020-08-28 00:00:00-04:00,36561.998487361416
2020-08-31 00:00:00-04:00,36652.74551229792
2020-09-01 00:00:00-04:00,37296.95287829046
2020-09-02 00:00:00-04:00,37355.71884459332
2020-09-03 00:00:00-04:00,35580.07008711663
2020-09-04 00:00:00-04:00,35478.82927399227
2020-09-08 00:00:00-04:00,34137.73972974906
2020-09-09 00:00:00-04:00,34963.861595160684
2020-09-10 00:00:00-04:00,34257.23438231993
2020-09-11 00:00:00-04:00,34026.34944260592
2020-09-14 00:00:00-04:00,34501.77948203342
2020-09-15 00:00:00-04:00,34518.785142909626
2020-09-16 00:00:00-04:00,34084.94597189025
2020-09-17 00:00:00-04:00,33698.845457983596
2020-09-18 00:00:00-04:00,33028.763853852106
2020-09-21 00:00:00-04:00,33100.60540665644
2020-09-22 00:00:00-04:00,33671.75410133549
2020-09-23 00:00:00-04:00,32640.134652707166
2020-09-24 00:00:00-04:00,32804.11391362022
2020-09-25 00:00:00-04:00,33695.727110985645
2020-09-28 00:00:00-04:00,34194.14706195879
2020-09-29 00:00:00-04:00,33887.9361788629
2020-09-30 00:00:00-04:00,34234.6132944154
2020-10-01 00:00:00-04:00,34439.8621408422
2020-10-02 00:00:00-04:00,33703.85010942323
2020-10-05 00:00:00-04:00,34322.08615207297
2020-10-06 00:00:00-04:00,33754.19140804885
2020-10-07 00:00:00-04:00,34313.13730588802
2020-10-08 00:00:00-04:00,34436.17170882639
2020-10-09 00:00:00-04:00,35059.63299787081
2020-10-12 00:00:00-04:00,36073.53483333482
2020-10-13 00:00:00-04:00,35535.888857326805
2020-10-14 00:00:00-04:00,35338.78157787528
2020-10-15 00:00:00-04:00,35237.05314776021
2020-10-16 00:00:00-04:00,35044.0398964982
2020-10-19 00:00:00-04:00,34336.68234629174
2020-10-20 00:00:00-04:00,34653.50513363918
2020-10-21 00:00:00-04:00,34644.50044245956
2020-10-22 00:00:00-04:00,34634.46708232928
2020-10-23 00:00:00-04:00,34733.60735480867
2020-10-26 00:00:00-04:00,34013.17339722004
2020-10-27 00:00:00-04:00,34285.74378504178
2020-10-28 00:00:00-04:00,32721.702036745093
2020-10-29 00:00:00-04:00,33370.84442504798
2020-10-30 00:00:00-04:00,32688.07673482841
2020-11-02 00:00:00-05:00,32721.51513953957
2020-11-03 00:00:00-05:00,33353.73098325804
2020-11-04 00:00:00-05:00,34210.98418918351
2020-11-05 00:00:00-05:00,35198.27684136927
2020-11-06 00:00:00-05:00,35191.74334702406
2020-11-09 00:00:00-05:00,35764.41275421813
2020-11-10 00:00:00-05:00,35444.48477516342
2020-11-11 00:00:00-05:00,35837.24538759238
2020-11-12 00:00:00-05:00,35563.81084754441
2020-11-13 00:00:00-05:00,35922.43012370787
2020-11-16 00:00:00-05:00,36415.54297389831
2020-11-17 00:00:00-05:00,36170.590767423746
2020-11-18 00:00:00-05:00,35740.949971184666
2020-11-19 00:00:00-05:00,35782.86161216936
2020-11-20 00:00:00-05:00,35452.136994670116
2020-11-23 00:00:00-05:00,35371.769909442184
2020-11-24 00:00:00-05:00,36092.482612929016
2020-11-25 00:00:00-05:00,36044.36912689904
2020-11-27 00:00:00-05:00,36140.851456016855
2020-11-30 00:00:00-05:00,36280.60732975565
2020-12-01 00:00:00-05:00,36802.299372662645
2020-12-02 00:00:00-05:00,37013.381694435586
2020-12-03 00:00:00-05:00,37051.394801043585
2020-12-04 00:00:00-05:00,36953.41756679717
2020-12-07 00:00:00-05:00,37051.77083171629
2020-12-08 00:00:00-05:00,37256.70024224939
2020-12-09 00:00:00-05:00,36747.40877098734
2020-12-10 00:00:00-05:00,36741.78379496126
2020-12-11 00:00:00-05:00,37417.40225153303
2020-12-14 00:00:00-05:00,37019.55205026679
2020-12-15 00:00:00-05:00,37858.36628310103
2020-12-16 00:00:00-05:00,38041.24236303913
2020-12-17 00:00:00-05:00,38212.73860493482
2020-12-18 00:00:00-05:00,37909.54522508379
2020-12-21 00:00:00-05:00,38062.8484146056
2020-12-22 00:00:00-05:00,38352.32973419556
2020-12-23 00:00:00-05:00,38317.18720393231
2020-12-24 00:00:00-05:00,38530.351045931384
2020-12-28 00:00:00-05:00,39438.95614336286
2020-12-29 00:00:00-05:00,39092.721940145275
2020-12-30 00:00:00-05:00,39078.05758283625
2020-12-31 00:00:00-05:00,39104.65839519265
2021-01-04 00:00:00-05:00,38213.46258321808
2021-01-05 00:00:00-05:00,38534.29829135668
2021-01-06 00:00:00-05:00,37925.505820366816
2021-01-07 00:00:00-05:00,38613.461324750664
2021-01-08 00:00:00-05:00,38743.17659387865
2021-01-11 00:00:00-05:00,38273.80258354559
2021-01-12 00:00:00-05:00,38013.981589031995
2021-01-13 00:00:00-05:00,38293.182427649976
2021-01-14 00:00:00-05:00,37937.77814718228
2021-01-15 00:00:00-05:00,37494.49818176356
2021-01-19 00:00:00-05:00,37719.52491045811
2021-01-20 00:00:00-05:00,38421.88980882008
2021-01-21 00:00:00-05:00,38849.03471687593
2021-01-22 00:00:00-05:00,39096.177794688636
2021-01-25 00:00:00-05:00,39561.82731525859
2021-01-26 00:00:00-05:00,39571.91612255926
2021-01-27 00:00:00-05:00,39006.008271771556
2021-01-28 00:00:00-05:00,39277.41466776309
2021-01-29 00:00:00-05:00,38053.34620926311
2021-02-01 00:00:00-05:00,38762.52523799892
2021-02-02 00:00:00-05:00,39183.28668758587
2021-02-03 00:00:00-05:00,39235.02054500152
2021-02-04 00:00:00-05:00,39757.75614910242
2021-02-05 00:00:00-05:00,39812.28333565854
2021-02-08 00:00:00-05:00,40111.43689309189
2021-02-09 00:00:00-05:00,39904.30672943164
2021-02-10 00:00:00-05:00,39828.139726123794
2021-02-11 00:00:00-05:00,39888.52268935181
2021-02-12 00:00:00-05:00,39765.128370854305
2021-02-16 00:00:00-05:00,39729.41930004045
2021-02-17 00:00:00-05:00,39595.35172858048
2021-02-18 00:00:00-05:00,39383.59550176769
2021-02-19 00:00:00-05:00,39356.55810397748
2021-02-22 00:00:00-05:00,39279.77051264595
2021-02-23 00:00:00-05:00,39618.25775142994
2021-02-24 00:00:00-05:00,39919.31855003348
2021-02-25 00:00:00-05:00,38734.54367853787
2021-02-26 00:00:00-05:00,38756.13526472069
2021-03-01 00:00:00-05:00,39794.604279028776
2021-03-02 00:00:00-05:00,39431.77501602911
2021-03-03 00:00:00-05:00,38796.948419874534
2021-03-04 00:00:00-05:00,38237.10443480328
2021-03-05 00:00:00-05:00,38603.88797451956
2021-03-08 00:00:00-05:00,38471.0144945777
2021-03-09 00:00:00-05:00,38964.62884432172
2021-03-10 00:00:00-05:00,38773.48200181739
2021-03-11 00:00:00-05:00,39241.87278254762
2021-03-12 00:00:00-05:00,39255.9381116847
2021-03-15 00:00:00-04:00,39713.198566789826
2021-03-16 00:00:00-04:00,39706.27994269825
2021-03-17 00:00:00-04:00,39689.6184219581
2021-03-18 00:00:00-04:00,38767.52159634491
2021-03-19 00:00:00-04:00,38719.786974398725
2021-03-22 00:00:00-04:00,39389.943005993075
2021-03-23 00:00:00-04:00,39113.51934389832
2021-03-24 00:00:00-04:00,38523.71603644063
2021-03-25 00:00:00-04:00,38652.07864563525
2021-03-26 00:00:00-04:00,38986.53475293506
2021-03-29 00:00:00-04:00,38941.960803309645
2021-03-30 00:00:00-04:00,38681.149847564586
2021-03-31 00:00:00-04:00,39046.8273131861
2021-04-01 00:00:00-04:00,39559.4918331452
2021-04-05 00:00:00-04:00,40322.32139924848
2021-04-06 00:00:00-04:00,40421.52392148626
2021-04-07 00:00:00-04:00,40622.40628050476
2021-04-08 00:00:00-04:00,40976.47574489476
2021-04-09 00:00:00-04:00,41340.0968542276
2021-04-12 00:00:00-04:00,41013.82007892688
2021-04-13 00:00:00-04:00,41306.44771076864
2021-04-14 00:00:00-04:00,41035.16969117582
2021-04-15 00:00:00-04:00,41384.10535784866
2021-04-16 00:00:00-04:00,41486.769701472935
2021-04-19 00:00:00-04:00,41384.508592233164
2021-04-20 00:00:00-04:00,40951.06934146522
2021-04-21 00:00:00-04:00,41209.28957301226
2021-04-22 00:00:00-04:00,40810.87901973222
2021-04-23 00:00:00-04:00,41266.37412107053
2021-04-26 00:00:00-04:00,41293.21806334467
2021-04-27 00:00:00-04:00,41315.23846342219
2021-04-28 00:00:00-04:00,40886.85913158491
2021-04-29 00:00:00-04:00,40808.262728055204
2021-04-30 00:00:00-04:00,40739.977932911264
2021-05-03 00:00:00-04:00,40934.71282788261
2021-05-04 00:00:00-04:00,40047.7121233348
2021-05-05 00:00:00-04:00,39825.80347117451
2021-05-06 00:00:00-04:00,40120.264685506445
2021-05-07 00:00:00-04:00,40568.87746105838
2021-05-10 00:00:00-04:00,40087.03122224099
2021-05-11 00:00:00-04:00,39708.87365885897
2021-05-12 00:00:00-04:00,38741.6717067359
2021-05-13 00:00:00-04:00,39271.92865309162
2021-05-14 00:00:00-04:00,39825.34036835562
2021-05-17 00:00:00-04:00,39445.631849217556
2021-05-18 00:00:00-04:00,39150.34352484977
2021-05-19 00:00:00-04:00,39114.0806150454
2021-05-20 00:00:00-04:00,39695.11425852039
2021-05-21 00:00:00-04:00,39406.82527562485
2021-05-24 00:00:00-04:00,40007.48317914581
2021-05-25 00:00:00-04:00,40248.5917505535
2021-05-26 00:00:00-04:00,40378.451144437735
2021-05-27 00:00:00-04:00,40171.07155905212
2021-05-28 00:00:00-04:00,40032.77431108475
2021-06-01 00:00:00-04:00,39946.67592968367
2021-06-02 00:00:00-04:00,40013.41967461762
2021-06-03 00:00:00-04:00,39778.23058152489
2021-06-04 00:00:00-04:00,40241.87929844304
2021-06-07 00:00:00-04:00,40398.269101658116
2021-06-08 00:00:00-04:00,40356.66973313026
2021-06-09 00:00:00-04:00,40334.243671046795
2021-06-10 00:00:00-04:00,40351.83309376262
2021-06-11 00:00:00-04:00,40471.116672570904
2021-06-14 00:00:00-04:00,40819.777074241276
2021-06-15 00:00:00-04:00,40528.46882128743
2021-06-16 00:00:00-04:00,40476.93005313141
2021-06-17 00:00:00-04:00,40757.88527974485
2021-06-18 00:00:00-04:00,40352.50322341393
2021-06-21 00:00:00-04:00,40855.11530567282
2021-06-22 00:00:00-04:00,41058.49941936562
2021-06-23 00:00:00-04:00,41099.86919074891
2021-06-24 00:00:00-04:00,41262.6724662947
2021-06-25 00:00:00-04:00,41363.08515098535
2021-06-28 00:00:00-04:00,41395.89189971724
2021-06-29 00:00:00-04:00,41506.25346774134
2021-06-30 00:00:00-04:00,41741.1180139821
2021-07-01 00:00:00-04:00,41897.58779123469
2021-07-02 00:00:00-04:00,42455.69586000279
2021-07-06 00:00:00-04:00,42417.13782169331
2021-07-07 00:00:00-04:00,42684.06918015065
2021-07-08 00:00:00-04:00,42398.934297946944
2021-07-09 00:00:00-04:00,42896.544392933945
2021-07-12 00:00:00-04:00,43052.218384012216
2021-07-13 00:00:00-04:00,43156.63439375688
2021-07-14 00:00:00-04:00,43525.08659546845
2021-07-15 00:00:00-04:00,43393.064892023984
2021-07-16 00:00:00-04:00,42970.37414585739
2021-07-19 00:00:00-04:00,42046.42630939826
2021-07-20 00:00:00-04:00,42859.53191963028
2021-07-21 00:00:00-04:00,43018.34803560281
2021-07-22 00:00:00-04:00,43218.61476629802
2021-07-23 00:00:00-04:00,43675.05564878609
2021-07-26 00:00:00-04:00,43947.99204746943
2021-07-27 00:00:00-04:00,43656.18845180209
2021-07-28 00:00:00-04:00,43323.80928470745
2021-07-29 00:00:00-04:00,43406.93647210265
2021-07-30 00:00:00-04:00,43274.42687514423
2021-08-02 00:00:00-04:00,43142.59355824111
2021-08-03 00:00:00-04:00,43388.12122218249
2021-08-04 00:00:00-04:00,43155.957277878166
2021-08-05 00:00:00-04:00,43677.59103232242
2021-08-06 00:00:00-04:00,43601.25363958153
2021-08-09 00:00:00-04:00,43506.190754787334
2021-08-10 00:00:00-04:00,43537.61067515004
2021-08-11 00:00:00-04:00,43683.8890844336
2021-08-12 00:00:00-04:00,44114.92799194382
2021-08-13 00:00:00-04:00,44298.2734315844
2021-08-16 00:00:00-04:00,44533.7251570862
2021-08-17 00:00:00-04:00,44162.97054814907
2021-08-18 00:00:00-04:00,43626.31360714656
2021-08-19 00:00:00-04:00,43902.433008005115
2021-08-20 00:00:00-04:00,44514.228382579575
2021-08-23 00:00:00-04:00,44830.42520421123
2021-08-24 00:00:00-04:00,44823.733783168485
2021-08-25 00:00:00-04:00,44660.87414668315
2021-08-26 00:00:00-04:00,44269.735369997
2021-08-27 00:00:00-04:00,44637.092280152494
2021-08-30 00:00:00-04:00,45231.36457557422
2021-08-31 00:00:00-04:00,45086.32288715026
2021-09-01 00:00:00-04:00,45283.60040888623
2021-09-02 00:00:00-04:00,45348.83679303428
2021-09-03 00:00:00-04:00,45240.7178938506
2021-09-07 00:00:00-04:00,45634.82463318799
2021-09-08 00:00:00-04:00,45503.63838938867
2021-09-09 00:00:00-04:00,45331.52680904032
2021-09-10 00:00:00-04:00,44673.41145041182
2021-09-13 00:00:00-04:00,44987.52556441665
2021-09-14 00:00:00-04:00,44785.07867759169
2021-09-15 00:00:00-04:00,45180.97485697258
2021-09-16 00:00:00-04:00,45054.54217634961
2021-09-17 00:00:00-04:00,44620.1636133069
2021-09-20 00:00:00-04:00,43783.64970063446
2021-09-21 00:00:00-04:00,43587.34505681641
2021-09-22 00:00:00-04:00,44211.13611737511
2021-09-23 00:00:00-04:00,44597.46710450338
2021-09-24 00:00:00-04:00,44666.010288656376
2021-09-27 00:00:00-04:00,44360.8711608124
2021-09-28 00:00:00-04:00,43357.49776559561
2021-09-29 00:00:00-04:00,43416.82302602823
2021-09-30 00:00:00-04:00,42885.61753677848
2021-10-01 00:00:00-04:00,43685.55807258647
2021-10-04 00:00:00-04:00,42889.49720629195
2021-10-05 00:00:00-04:00,43391.51637038312
2021-10-06 00:00:00-04:00,43741.90069124465
2021-10-07 00:00:00-04:00,44029.19404368363
2021-10-08 00:00:00-04:00,43879.87033403687
2021-10-11 00:00:00-04:00,43735.92666165709
2021-10-12 00:00:00-04:00,43578.11763385584
2021-10-13 00:00:00-04:00,43582.70407183682
2021-10-14 00:00:00-04:00,44279.48059019502
2021-10-15 00:00:00-04:00,44520.662990164
2021-10-18 00:00:00-04:00,44510.497732499636
2021-10-19 00:00:00-04:00,44641.95465541833
2021-10-20 00:00:00-04:00,44639.3298445895
2021-10-21 00:00:00-04:00,44772.97630242231
2021-10-22 00:00:00-04:00,44663.07552321338
2021-10-25 00:00:00-04:00,44724.84465238299
2021-10-26 00:00:00-04:00,44951.58247932005
2021-10-27 00:00:00-04:00,45255.70228540094
2021-10-28 00:00:00-04:00,45768.800710155054
2021-10-29 00:00:00-04:00,45776.60369204072
2021-11-01 00:00:00-04:00,45785.26406749402
2021-11-02 00:00:00-04:00,46081.91977232498
2021-11-03 00:00:00-04:00,46411.04557346925
2021-11-04 00:00:00-04:00,46431.61615767469
2021-11-05 00:00:00-04:00,47041.52034396824
2021-11-08 00:00:00-05:00,46860.978318839254
2021-11-09 00:00:00-05:00,46712.628480697924
2021-11-10 00:00:00-05:00,46133.78030892783
2021-11-11 00:00:00-05:00,45612.99901577124
2021-11-12 00:00:00-05:00,45851.60298188166
2021-11-15 00:00:00-05:00,45850.48925173828
2021-11-16 00:00:00-05:00,46018.94599715997
2021-11-17 00:00:00-05:00,46225.268452755
2021-11-18 00:00:00-05:00,46692.29439894652
2021-11-19 00:00:00-05:00,46869.775426609776
2021-11-22 00:00:00-05:00,46786.16841262151
2021-11-23 00:00:00-05:00,46682.0314296667
2021-11-24 00:00:00-05:00,46700.18723447439
2021-11-26 00:00:00-05:00,45213.10761004754
2021-11-29 00:00:00-05:00,45998.477228192525
2021-11-30 00:00:00-05:00,45958.27345975659
2021-12-01 00:00:00-05:00,45631.04860373144
2021-12-02 00:00:00-05:00,45925.0430102807
2021-12-03 00:00:00-05:00,45457.39985160281
2021-12-06 00:00:00-05:00,46444.77433179077
2021-12-07 00:00:00-05:00,47385.07116955986
2021-12-08 00:00:00-05:00,48078.280532194025
2021-12-09 00:00:00-05:00,47946.39949366511
2021-12-10 00:00:00-05:00,48969.52821750757
2021-12-13 00:00:00-05:00,48331.90656983777
2021-12-14 00:00:00-05:00,47687.059186399456
2021-12-15 00:00:00-05:00,48499.986796162855
2021-12-16 00:00:00-05:00,47334.09021496751
2021-12-17 00:00:00-05:00,47152.6851488781
2021-12-20 00:00:00-05:00,46792.915622502085
2021-12-21 00:00:00-05:00,47763.965483893735
2021-12-22 00:00:00-05:00,48509.34214487365
2021-12-23 00:00:00-05:00,48741.989310846795
2021-12-27 00:00:00-05:00,49494.47179213104
2021-12-28 00:00:00-05:00,49458.29725096481
2021-12-29 00:00:00-05:00,49546.68607262689
2021-12-30 00:00:00-05:00,49251.28886349159
2021-12-31 00:00:00-05:00,49043.45795782872
2022-01-03 00:00:00-05:00,49646.327608315696
2022-01-04 00:00:00-05:00,49224.7703348434
2022-01-05 00:00:00-05:00,48149.25286946582
2022-01-06 00:00:00-05:00,47626.54999026599
2022-01-07 00:00:00-05:00,47812.40098909985
2022-01-10 00:00:00-05:00,47626.549854634686
2022-01-11 00:00:00-05:00,47993.760613523256
2022-01-12 00:00:00-05:00,48210.96922119321
2022-01-13 00:00:00-05:00,47241.68356444663
2022-01-14 00:00:00-05:00,47524.26609511734
2022-01-18 00:00:00-05:00,46663.56233808771
2022-01-19 00:00:00-05:00,46458.307023737434
2022-01-20 00:00:00-05:00,46137.850339338285
2022-01-21 00:00:00-05:00,45251.35785509513
2022-01-24 00:00:00-05:00,45107.73548523624
2022-01-25 00:00:00-05:00,44535.279556493544
2022-01-26 00:00:00-05:00,44727.68172856417
2022-01-27 00:00:00-05:00,44703.27873336074
2022-01-28 00:00:00-05:00,46330.299259872925
2022-01-31 00:00:00-05:00,47204.1850302354
2022-02-01 00:00:00-05:00,47263.13847394238
2022-02-02 00:00:00-05:00,47650.799784398856
2022-02-03 00:00:00-05:00,46741.92128208948
2022-02-04 00:00:00-05:00,46693.165589817436
2022-02-07 00:00:00-05:00,46643.53350703755
2022-02-08 00:00:00-05:00,47287.14967852082
2022-02-09 00:00:00-05:00,47945.01696315688
2022-02-10 00:00:00-05:00,47207.32270145645
2022-02-11 00:00:00-05:00,46237.71484674989
2022-02-14 00:00:00-05:00,46282.61224169226
2022-02-15 00:00:00-05:00,47211.6127833314
2022-02-16 00:00:00-05:00,47322.82665439199
2022-02-17 00:00:00-05:00,46458.31343338308
2022-02-18 00:00:00-05:00,46061.755146948926
2022-02-22 00:00:00-05:00,45499.400758647294
2022-02-23 00:00:00-05:00,44446.63230367366
2022-02-24 00:00:00-05:00,45300.27326212698
2022-02-25 00:00:00-05:00,46046.21572133408
2022-02-28 00:00:00-05:00,45854.79554335932
2022-03-01 00:00:00-05:00,44972.91352942956
2022-03-02 00:00:00-05:00,45697.97557331075
2022-03-03 00:00:00-05:00,45297.37875544005
2022-03-04 00:00:00-05:00,44490.83190321255
2022-03-07 00:00:00-05:00,42992.243578384674
2022-03-08 00:00:00-05:00,42372.888526835995
2022-03-09 00:00:00-05:00,43781.08807562862
2022-03-10 00:00:00-05:00,43078.07457060182
2022-03-11 00:00:00-05:00,42257.5226411047
2022-03-14 00:00:00-04:00,41652.114744940445
2022-03-15 00:00:00-04:00,43107.97763192891
2022-03-16 00:00:00-04:00,44160.155346259955
2022-03-17 00:00:00-04:00,44390.956952527406
2022-03-18 00:00:00-04:00,45034.33299334805
2022-03-21 00:00:00-04:00,45070.83301039112
2022-03-22 00:00:00-04:00,45794.66290626987
2022-03-23 00:00:00-04:00,45549.39458558431
2022-03-24 00:00:00-04:00,46262.860240122274
2022-03-25 00:00:00-04:00,46406.49004394649
2022-03-28 00:00:00-04:00,46888.319361998045
2022-03-29 00:00:00-04:00,47745.73055049095
2022-03-30 00:00:00-04:00,47476.60362057376
2022-03-31 00:00:00-04:00,46799.41856603731
2022-04-01 00:00:00-04:00,46911.50698842927
2022-04-04 00:00:00-04:00,47571.081759168184
2022-04-05 00:00:00-04:00,46966.77544166377
2022-04-06 00:00:00-04:00,46021.62785039816
2022-04-07 00:00:00-04:00,46154.26281083201
2022-04-08 00:00:00-04:00,45762.36046286501
2022-04-11 00:00:00-04:00,44792.149606785606
2022-04-12 00:00:00-04:00,44846.06103498296
2022-04-13 00:00:00-04:00,45572.897590211134
2022-04-14 00:00:00-04:00,44633.20244945641
2022-04-18 00:00:00-04:00,44412.9729508857
2022-04-19 00:00:00-04:00,45251.47678581881
2022-04-20 00:00:00-04:00,45201.059680618324
2022-04-21 00:00:00-04:00,44734.482497082514
2022-04-22 00:00:00-04:00,43710.55153957107
2022-04-25 00:00:00-04:00,44251.26722824463
2022-04-26 00:00:00-04:00,42741.0230348832
2022-04-27 00:00:00-04:00,43247.8770148244
2022-04-28 00:00:00-04:00,44492.36744559514
2022-04-29 00:00:00-04:00,42971.82214254444
2022-05-02 00:00:00-04:00,43282.28350913017
2022-05-03 00:00:00-04:00,43195.849287442885
2022-05-04 00:00:00-04:00,44377.42488270817
2022-05-05 00:00:00-04:00,42442.60205282123
2022-05-06 00:00:00-04:00,42241.77003060217
2022-05-09 00:00:00-04:00,40780.38765993848
2022-05-10 00:00:00-04:00,41204.4912640704
2022-05-11 00:00:00-04:00,39761.7562655508
2022-05-12 00:00:00-04:00,38981.69692596689
2022-05-13 00:00:00-04:00,40047.619640001176
2022-05-16 00:00:00-04:00,39880.61630789121
2022-05-17 00:00:00-04:00,40700.54669120092
2022-05-18 00:00:00-04:00,38515.934264464435
2022-05-19 00:00:00-04:00,37819.36100779085
2022-05-20 00:00:00-04:00,37712.665425612104
2022-05-23 00:00:00-04:00,38904.171892495855
2022-05-24 00:00:00-04:00,38300.7275927216
2022-05-25 00:00:00-04:00,38440.46562118694
2022-05-26 00:00:00-04:00,39256.597933624194
2022-05-27 00:00:00-04:00,40529.113510461895
2022-05-31 00:00:00-04:00,40385.44372694971
2022-06-01 00:00:00-04:00,40134.94907173041
2022-06-02 00:00:00-04:00,40715.18455255054
2022-06-03 00:00:00-04:00,39712.66493361695
2022-06-06 00:00:00-04:00,39701.43637873186
2022-06-07 00:00:00-04:00,40197.96523762095
2022-06-08 00:00:00-04:00,39806.097237996466
2022-06-09 00:00:00-04:00,38554.10426160535
2022-06-10 00:00:00-04:00,37168.60387798412
2022-06-13 00:00:00-04:00,35670.94195893823
2022-06-14 00:00:00-04:00,35516.42459535797
2022-06-15 00:00:00-04:00,36101.0590956541
2022-06-16 00:00:00-04:00,35047.58260467287
2022-06-17 00:00:00-04:00,35361.58361699593
2022-06-21 00:00:00-04:00,36204.29450806397
2022-06-22 00:00:00-04:00,36220.13982184203
2022-06-23 00:00:00-04:00,36946.45924368841
2022-06-24 00:00:00-04:00,38132.77455979201
2022-06-27 00:00:00-04:00,37860.66148090063
2022-06-28 00:00:00-04:00,36928.30611337525
2022-06-29 00:00:00-04:00,37147.706756980035
2022-06-30 00:00:00-04:00,36726.732224651605
2022-07-01 00:00:00-04:00,37262.7579022596
2022-07-05 00:00:00-04:00,37686.29438840987
2022-07-06 00:00:00-04:00,37879.88547240729
2022-07-07 00:00:00-04:00,38453.23902716511
2022-07-08 00:00:00-04:00,38344.93162237729
2022-07-11 00:00:00-04:00,37876.39570959133
2022-07-12 00:00:00-04:00,37502.737085780944
2022-07-13 00:00:00-04:00,37415.855755244105
2022-07-14 00:00:00-04:00,37665.41530171147
2022-07-15 00:00:00-04:00,38129.7361656802
2022-07-18 00:00:00-04:00,37705.9378013604
2022-07-19 00:00:00-04:00,38599.06177395385
2022-07-20 00:00:00-04:00,39055.04296915217
2022-07-21 00:00:00-04:00,39303.70984027097
2022-07-22 00:00:00-04:00,39004.62653753804
2022-07-25 00:00:00-04:00,38849.00506868173
2022-07-26 00:00:00-04:00,38273.303925993125
2022-07-27 00:00:00-04:00,39788.35749822401
2022-07-28 00:00:00-04:00,40455.58553739757
2022-07-29 00:00:00-04:00,40813.41100330218
2022-08-01 00:00:00-04:00,40669.56726052129
2022-08-02 00:00:00-04:00,40316.497777823744
2022-08-03 00:00:00-04:00,41664.85762327399
2022-08-04 00:00:00-04:00,41661.16395957838
2022-08-05 00:00:00-04:00,41563.97963982831
2022-08-08 00:00:00-04:00,41549.60734486279
2022-08-09 00:00:00-04:00,41487.715175483594
2022-08-10 00:00:00-04:00,42605.15183244847
2022-08-11 00:00:00-04:00,42585.67104219638
2022-08-12 00:00:00-04:00,43404.50762817458
2022-08-15 00:00:00-04:00,43774.65521196261
2022-08-16 00:00:00-04:00,43890.20789152197
2022-08-17 00:00:00-04:00,43810.68142224394
2022-08-18 00:00:00-04:00,43739.61645087523
2022-08-19 00:00:00-04:00,43111.08163640333
2022-08-22 00:00:00-04:00,42096.76134885095
2022-08-23 00:00:00-04:00,41878.323740157815
2022-08-24 00:00:00-04:00,42036.434353393204
2022-08-25 00:00:00-04:00,42549.96808796287
2022-08-26 00:00:00-04:00,41067.9164118895
2022-08-29 00:00:00-04:00,40661.79381704395
2022-08-30 00:00:00-04:00,40177.23665890563
2022-08-31 00:00:00-04:00,39779.79392465861
2022-09-01 00:00:00-04:00,39914.84689631152
2022-09-02 00:00:00-04:00,39345.362845654454
2022-09-06 00:00:00-04:00,39015.735950534174
2022-09-07 00:00:00-04:00,39643.212041450046
2022-09-08 00:00:00-04:00,39557.02098437662
2022-09-09 00:00:00-04:00,40401.66717615323
2022-09-12 00:00:00-04:00,41260.654885763375
2022-09-13 00:00:00-04:00,39271.60809017427
2022-09-14 00:00:00-04:00,39584.377390210386
2022-09-15 00:00:00-04:00,38958.852849736875
2022-09-16 00:00:00-04:00,38687.797136492874
2022-09-19 00:00:00-04:00,39107.373024377164
2022-09-20 00:00:00-04:00,39140.20290065667
2022-09-21 00:00:00-04:00,38347.549525083225
2022-09-22 00:00:00-04:00,38275.13771200999
2022-09-23 00:00:00-04:00,37668.63560227031
2022-09-26 00:00:00-04:00,37623.81143270214
2022-09-27 00:00:00-04:00,37493.587953667506
2022-09-28 00:00:00-04:00,37685.1700611118
2022-09-29 00:00:00-04:00,36377.648800871546
2022-09-30 00:00:00-04:00,35262.736507525304
2022-10-03 00:00:00-04:00,36230.69265075075
2022-10-04 00:00:00-04:00,37450.15650863093
2022-10-05 00:00:00-04:00,37411.55455657121
2022-10-06 00:00:00-04:00,37074.72376177675
2022-10-07 00:00:00-04:00,35767.1303598678
2022-10-10 00:00:00-04:00,35387.28739317821
2022-10-11 00:00:00-04:00,35011.23607119962
2022-10-12 00:00:00-04:00,35177.05661581219
2022-10-13 00:00:00-04:00,36198.670919244956
2022-10-14 00:00:00-04:00,35335.13932446719
2022-10-17 00:00:00-04:00,36363.83779727662
2022-10-18 00:00:00-04:00,36780.93103139803
2022-10-19 00:00:00-04:00,36708.0591786089
2022-10-20 00:00:00-04:00,36585.12999058788
2022-10-21 00:00:00-04:00,37514.005066055855
2022-10-24 00:00:00-04:00,38002.559451001114
2022-10-25 00:00:00-04:00,38665.73570349658
2022-10-26 00:00:00-04:00,37602.25999054229
2022-10-27 00:00:00-04:00,36918.95853951162
2022-10-28 00:00:00-04:00,38758.578971684896
2022-10-31 00:00:00-04:00,38378.37787554688
2022-11-01 00:00:00-04:00,37864.259118229165
2022-11-02 00:00:00-04:00,36595.36978057022
2022-11-03 00:00:00-04:00,35744.39009179558
2022-11-04 00:00:00-04:00,36178.56408805631
2022-11-07 00:00:00-05:00,36519.65285880379
2022-11-08 00:00:00-05:00,36714.44413008331
2022-11-09 00:00:00-05:00,35468.921772073634
2022-11-10 00:00:00-05:00,38074.65676702334
2022-11-11 00:00:00-05:00,38732.8355251359
2022-11-14 00:00:00-05:00,38310.845004185074
2022-11-15 00:00:00-05:00,38645.34170554383
2022-11-16 00:00:00-05:00,38512.092193598924
2022-11-17 00:00:00-05:00,38478.87879822845
2022-11-18 00:00:00-05:00,38652.440524150195
2022-11-21 00:00:00-05:00,38647.915881290224
2022-11-22 00:00:00-05:00,39009.68495867732
2022-11-23 00:00:00-05:00,39370.73123836177
2022-11-25 00:00:00-05:00,39083.416831599876
2022-11-28 00:00:00-05:00,38247.5999385266
2022-11-29 00:00:00-05:00,37854.39703240559
2022-11-30 00:00:00-05:00,39482.66659860919
2022-12-01 00:00:00-05:00,39566.09154710191
2022-12-02 00:00:00-05:00,39607.46815523411
2022-12-05 00:00:00-05:00,39034.65753330493
2022-12-06 00:00:00-05:00,38232.57680259285
2022-12-07 00:00:00-05:00,37990.019613143784
2022-12-08 00:00:00-05:00,38385.1655156849
2022-12-09 00:00:00-05:00,38226.15110280034
2022-12-12 00:00:00-05:00,38919.676423280485
2022-12-13 00:00:00-05:00,39142.46579462928
2022-12-14 00:00:00-05:00,38905.95553900914
2022-12-15 00:00:00-05:00,37616.44039425037
2022-12-16 00:00:00-05:00,37128.51047228473
2022-12-19 00:00:00-05:00,36484.939902406404
2022-12-20 00:00:00-05:00,36557.33694619742
2022-12-21 00:00:00-05:00,37099.19033640524
2022-12-22 00:00:00-05:00,36413.400394381664
2022-12-23 00:00:00-05:00,36479.78178699274
2022-12-27 00:00:00-05:00,36180.484746774135
2022-12-28 00:00:00-05:00,35444.93661719276
2022-12-29 00:00:00-05:00,36305.86400490012
2022-12-30 00:00:00-05:00,36213.54803962235
